Workbook

Sheet Raw_Data
A1: Order_ID | B1: Date | C1: Region | D1: Product_Category | E1: Product | F1: Sales_Amount | G1: Quantity | H1: Profit | I1: Profit_margin | J1: Average profit
A2: 1001 | B2: 45292 | C2: East | D2: Electronics | E2: Laptop | F2: 55000 | G2: 1 | H2: 8000 | I2: =H2/F2 -> 0.14545455 | J2: =AVERAGE(H2:H11) -> 3385
A3: 1002 | B3: 45293 | C3: West | D3: Furniture | E3: Chair | F3: 7000 | G3: 2 | H3: 1200 | I3: =H3/F3 -> 0.17142857 | J3: =AVERAGE(H3:H12) -> 5970
A4: 1003 | B4: 45294 | C4: North | D4: Electronics | E4: Mobile | F4: 20000 | G4: 1 | H4: 3000 | I4: =H4/F4 -> 0.15 | J4: =AVERAGE(H4:H13) -> 6500
A5: 1004 | B5: 45294 | C5: South | D5: Office Supplies | E5: Pen | F5: 500 | G5: 10 | H5: 150 | I5: =H5/F5 -> 0.3 | J5: =AVERAGE(H5:H14) -> 6937.5
A6: 1005 | B6: 45295 | C6: East | D6: Furniture | E6: Table | F6: 15000 | G6: 1 | H6: 2500 | I6: =H6/F6 -> 0.16666667 | J6: =AVERAGE(H6:H15) -> 7907.1429
A7: 1006 | B7: 45296 | C7: West | D7: Electronics | E7: Headphones | F7: 3000 | G7: 3 | H7: 900 | I7: =H7/F7 -> 0.3 | J7: =AVERAGE(H7:H16) -> 8808.3333
A8: 1007 | B8: 45297 | C8: North | D8: Office Supplies | E8: Notebook | F8: 1200 | G8: 5 | H8: 400 | I8: =H8/F8 -> 0.33333333 | J8: =AVERAGE(H8:H17) -> 10390
A9: 1008 | B9: 45298 | C9: South | D9: Electronics | E9: Laptop | F9: 56000 | G9: 1 | H9: 8500 | I9: =H9/F9 -> 0.15178571 | J9: =AVERAGE(H9:H18) -> 12887.5
A10: 1009 | B10: 45299 | C10: East | D10: Electronics | E10: Mobile | F10: 22000 | G10: 1 | H10: 3200 | I10: =H10/F10 -> 0.14545455 | J10: =AVERAGE(H10:H19) -> 14350
A11: 1010 | B11: 45300 | C11: West | D11: Furniture | E11: Sofa | F11: 40000 | G11: 1 | H11: 6000 | I11: =H11/F11 -> 0.15 | J11: =AVERAGE(H11:H20) -> 19925
F12: =SUM(F2:F11) -> 219700 | H12: =SUM(H2:H11) -> 33850

Sheet KPI_Summary
A1: KPI | B1: Value
A2: Total Sales | B2: =SUM(Raw_Data!F2:F11) -> 219700
A3: Total Profit | B3: =SUM(Raw_Data!H2:H11) -> 33850
A4: Avg profit | B4: =AVERAGE(Raw_Data!H2:H11) -> 3385
A5: Avg Profit Margin | B5: =AVERAGE(Raw_Data!I2:I11) -> 0.20141234

Sheet Dashboard
B1: KPI | C1: Value
B2: Total Sales | C2: =KPI_Summary!B2 -> 219700
B3: Total Profit | C3: =KPI_Summary!B3 -> 33850
B4: Avg Profit | C4: =KPI_Summary!B4 -> 3385
B5: Avg Profit Margin | C5: =KPI_Summary!B5 -> 0.20141234

Sheet Sales Trend Over Time

Sheet Top Product

Sheet Profit by Category

Sheet Sales by Region
